{"cameraMode":{"drawMode":0,"name":"Shaded","section":"Shading Mode"},"sceneLighting":false,"audioPlay":false,"sceneViewState":{"showFog":true,"showMaterialUpdate":false,"showSkybox":false,"showFlares":true,"showImageEffects":true,"showParticleSystems":true},"in2DMode":false,"pivot":{"x":9.220000267028809,"y":1.9500623941421509,"z":-13.060724258422852},"rotation":{"x":-0.07096006721258164,"y":0.9255658984184265,"z":-0.21799421310424806,"w":-0.30128681659698489},"size":1.886665940284729,"orthographic":false}