{"cameraMode":{"drawMode":0,"name":"Shaded","section":"Shading Mode"},"sceneLighting":true,"audioPlay":false,"sceneViewState":{"showFog":true,"showMaterialUpdate":false,"showSkybox":true,"showFlares":true,"showImageEffects":true,"showParticleSystems":true},"in2DMode":false,"pivot":{"x":6.510138034820557,"y":2.331940174102783,"z":-15.060315132141114},"rotation":{"x":-0.2000618427991867,"y":0.7957546710968018,"z":-0.35565274953842165,"w":-0.4476012885570526},"size":7.280426502227783,"orthographic":false}