{"cameraMode":{"drawMode":0,"name":"Shaded","section":"Shading Mode"},"sceneLighting":true,"audioPlay":false,"sceneViewState":{"showFog":true,"showMaterialUpdate":false,"showSkybox":true,"showFlares":true,"showImageEffects":true,"showParticleSystems":true},"in2DMode":false,"pivot":{"x":0.8503751754760742,"y":1.169701099395752,"z":-14.715219497680664},"rotation":{"x":0.18696793913841248,"y":-0.6925952434539795,"z":0.19346517324447633,"w":0.6692978739738464},"size":0.9763234853744507,"orthographic":true}