{"cameraMode":{"drawMode":0,"name":"Shaded","section":"Shading Mode"},"sceneLighting":false,"audioPlay":false,"sceneViewState":{"showFog":true,"showMaterialUpdate":false,"showSkybox":false,"showFlares":true,"showImageEffects":true,"showParticleSystems":true},"in2DMode":false,"pivot":{"x":0.0,"y":0.7995381355285645,"z":1.4622611999511719},"rotation":{"x":-0.13633592426776887,"y":0.7123048901557922,"z":-0.14425058662891389,"w":-0.6732239127159119},"size":10.372633934020996,"orthographic":false}