{"cameraMode":{"drawMode":0,"name":"Shaded","section":"Shading Mode"},"sceneLighting":false,"audioPlay":false,"sceneViewState":{"showFog":true,"showMaterialUpdate":false,"showSkybox":false,"showFlares":true,"showImageEffects":true,"showParticleSystems":true},"in2DMode":false,"pivot":{"x":9.640745162963868,"y":2.0174694061279299,"z":-13.104779243469239},"rotation":{"x":0.6865015029907227,"y":-0.016357483342289926,"z":0.015446800738573075,"w":0.7267912030220032},"size":1.3249739408493043,"orthographic":false}