{"cameraMode":{"drawMode":0,"name":"Shaded","section":"Shading Mode"},"sceneLighting":true,"audioPlay":false,"sceneViewState":{"showFog":true,"showMaterialUpdate":false,"showSkybox":false,"showFlares":true,"showImageEffects":true,"showParticleSystems":true},"in2DMode":false,"pivot":{"x":42.344818115234378,"y":10.997336387634278,"z":-27.906776428222658},"rotation":{"x":-0.16454635560512544,"y":-0.8054603338241577,"z":0.262877881526947,"w":-0.5051652789115906},"size":1.8073949813842774,"orthographic":false}