{"cameraMode":{"drawMode":0,"name":"Shaded","section":"Shading Mode"},"sceneLighting":true,"audioPlay":false,"sceneViewState":{"showFog":true,"showMaterialUpdate":false,"showSkybox":false,"showFlares":true,"showImageEffects":true,"showParticleSystems":true},"in2DMode":false,"pivot":{"x":42.491798400878909,"y":10.199453353881836,"z":-20.90489959716797},"rotation":{"x":-0.16454635560512544,"y":-0.8054603338241577,"z":0.262877881526947,"w":-0.5051652789115906},"size":1.5955328941345215,"orthographic":false}