{"cameraMode":{"drawMode":0,"name":"Shaded","section":"Shading Mode"},"sceneLighting":false,"audioPlay":false,"sceneViewState":{"showFog":true,"showMaterialUpdate":false,"showSkybox":false,"showFlares":true,"showImageEffects":true,"showParticleSystems":true},"in2DMode":false,"pivot":{"x":9.319999694824219,"y":3.1313095092773439,"z":-14.65999984741211},"rotation":{"x":-0.4140215516090393,"y":-0.26102524995803835,"z":0.1252661943435669,"w":-0.8630430698394775},"size":7.209139347076416,"orthographic":false}