{"cameraMode":{"drawMode":0,"name":"Shaded","section":"Shading Mode"},"sceneLighting":true,"audioPlay":false,"sceneViewState":{"showFog":true,"showMaterialUpdate":false,"showSkybox":true,"showFlares":true,"showImageEffects":true,"showParticleSystems":true},"in2DMode":false,"pivot":{"x":12.0420560836792,"y":1.8633065223693848,"z":-9.219886779785157},"rotation":{"x":-0.268295019865036,"y":0.037904977798461917,"z":-0.010298077017068863,"w":-0.962617039680481},"size":7.89544153213501,"orthographic":false}