{"cameraMode":{"drawMode":0,"name":"Shaded","section":"Shading Mode"},"sceneLighting":true,"audioPlay":false,"sceneViewState":{"showFog":true,"showMaterialUpdate":false,"showSkybox":false,"showFlares":true,"showImageEffects":true,"showParticleSystems":true},"in2DMode":false,"pivot":{"x":48.840999603271487,"y":11.080552101135254,"z":-29.011962890625},"rotation":{"x":-0.16454635560512544,"y":-0.8054603338241577,"z":0.262877881526947,"w":-0.5051652789115906},"size":1.4219911098480225,"orthographic":false}