{"cameraMode":{"drawMode":0,"name":"Shaded","section":"Shading Mode"},"sceneLighting":false,"audioPlay":false,"sceneViewState":{"showFog":true,"showMaterialUpdate":false,"showSkybox":false,"showFlares":true,"showImageEffects":true,"showParticleSystems":true},"in2DMode":false,"pivot":{"x":0.0,"y":-5.960464477539063e-8,"z":0.04783594608306885},"rotation":{"x":-0.33671265840530398,"y":0.12974275648593903,"z":-0.04658665880560875,"w":-0.9315376281738281},"size":0.6824037432670593,"orthographic":false}